AES Version,Data Size (MB),Run,Encryption Time (s),Decryption Time (s),Encryption Throughput (MB/s),Decryption Throughput (MB/s)
AES-128,1,1,27.46770179199666,49.5083402090022,0.03640639495698081,0.02019861695581885
AES-128,1,2,27.392263583002205,57.09266793799907,0.03650665805583635,0.01751538395588677
AES-128,1,3,26.78764177300036,49.868147647001024,0.037330647037691615,0.020052880389274656
AES-192,1,1,34.60757987899706,68.04441455800406,0.028895403940305243,0.014696283398067242
AES-192,1,2,34.64794669100229,67.10016007199738,0.028861739165042342,0.014903094104798204
AES-192,1,3,30.27459145699686,55.52788963900093,0.03303099899532704,0.01800896822301767
AES-256,1,1,39.778633685004024,79.01649422099581,0.025139123880390735,0.01265558551867878
AES-256,1,2,38.73986578699987,74.91169275599532,0.02581320249012259,0.013349050905273638
AES-256,1,3,37.591218579997076,72.64633150900045,0.0266019575255833,0.013765319999346505
